timesteps,success_rate,collision_rate,timeout_rate,train_return,train_ep_len,wall_s
8,0.0,0.36,0.0,nan,nan,18
10000,0.01,0.73,0.16,-11.711044141414142,90.5050505050505,53
25000,0.3,0.43,0.24,-6.646612150000001,136.15,107
50000,0.65,0.29,0.02,7.434068880000001,162.65,168
100000,0.79,0.18,0.01,8.81295972,144.16,294
150000,0.87,0.13,0.0,12.539236610000003,107.33,406
200000,0.94,0.06,0.0,12.828775610000001,94.99,522
250000,0.9,0.1,0.0,13.925968060000002,102.75,640
300000,0.92,0.08,0.0,12.692735950000001,91.64,748
350000,0.97,0.03,0.0,13.370874790000002,94.05,863
400000,0.94,0.06,0.0,12.59133008,83.23,969
450000,0.98,0.02,0.0,14.6006615,88.19,1069
500000,0.99,0.01,0.0,14.1313859,90.07,1175
550000,0.98,0.02,0.0,13.846802680000001,87.9,1278
600000,0.98,0.02,0.0,14.609871459999999,85.82,1381
650000,0.96,0.04,0.0,13.98565409,86.15,1480
700000,0.96,0.04,0.0,14.36158673,82.49,1580
750000,0.92,0.08,0.0,14.117480190000002,81.26,1683
800000,0.89,0.1,0.01,13.456759550000001,80.54,1783
850000,0.92,0.07,0.01,13.706658850000002,79.7,1885
900000,0.93,0.06,0.01,14.030403189999998,85.05,1985
950000,0.95,0.04,0.01,14.42849979,80.9,2085
1000000,0.95,0.04,0.01,14.084696619999999,80.12,2193
1050000,0.94,0.05,0.01,14.38317731,82.38,2283
1100000,0.92,0.07,0.01,13.29018684,79.44,2386
1150000,0.93,0.06,0.01,13.36451929,80.81,2490
1200000,0.97,0.03,0.0,13.99769499,77.67,2593
1250000,0.95,0.04,0.01,13.632042469999996,83.34,2685
1300000,0.95,0.04,0.01,13.497151249999996,81.42,2775
1350000,0.92,0.08,0.0,14.21255369,78.27,2862
1400000,0.93,0.07,0.0,12.635811929999997,76.6,2953
1450000,0.96,0.04,0.0,13.582109329999996,76.32,3052
1500000,0.98,0.02,0.0,13.453943650000003,77.64,3146
